<?xml version="1.0" encoding="UTF-8"?>
<beans xmlns="http://www.springframework.org/schema/beans"
	xmlns:xsi="http://www.w3.org/2001/XMLSchema-instance"
	xmlns:p="http://www.springframework.org/schema/p"
	xmlns:mvc="http://www.springframework.org/schema/mvc"
	xmlns:context="http://www.springframework.org/schema/context"
	xsi:schemaLocation="http://www.springframework.org/schema/beans
		http://www.springframework.org/schema/beans/spring-beans-3.1.xsd
		http://www.springframework.org/schema/context
		http://www.springframework.org/schema/context/spring-context-3.1.xsd
		http://www.springframework.org/schema/mvc 
		http://www.springframework.org/schema/mvc/spring-mvc-3.1.xsd">
		
	<mvc:interceptors>
      <bean class="com.slokam.hms.interceptor.SercurityInterceptor" >  </bean>
 	</mvc:interceptors>	
	<context:component-scan base-package="com.slokam.hms.controller"/>
	 
		<bean id="userdao" class="com.slokam.hms.dao.UserDao">
		<property name="sessionFactory" ref="factory"> </property>
	</bean>
	
	<bean id="addUserService" class="com.slokam.hms.service.AddUserService">
		
	</bean>
	<bean id="addVehicleService" class="com.slokam.hms.service.AddVehicleService">
		
	</bean>
	
	<bean id = "exSpeedService" class = "com.slokam.hms.service.ExcessSpeedService">
	</bean>
	
	<bean id="dao" class="com.slokam.hms.dao.ContactDetailsDAO" > 
	  <!-- <property name="ds" ref="ds"></property> -->
	 <!--  <property name="hibernateTemplate" ref="hibernateTemplate"></property> -->
	 <property name="sessionFactory" ref="factory"> </property>
	</bean>
	<bean id="hdao" class="com.slokam.hms.dao.HourlySearchDao">
    <property name="jdbcTemplate" ref="jdbcTemplate"></property>
 	</bean>
 	
 	 <bean id="hs" class="com.slokam.hms.servises.HourService">
   
 	</bean>
	
   	 <bean id="jdbcTemplate" class="org.springframework.jdbc.core.JdbcTemplate">
     
      <property name="dataSource" ref="ds"> </property> 
   	 </bean>
		
  <!--	
        <bean id="viewResolver"
			class="org.springframework.web.servlet.view.UrlBasedViewResolver">
			<property name="viewClass"
				value="org.springframework.web.servlet.view.JstlView" />
			<property name="prefix" value="/WEB-INF/jsp/" />
			<property name="suffix" value=".jsp" />
	    </bean> 
  -->
	
	<bean id="viewResolver"
    	class="org.springframework.web.servlet.view.UrlBasedViewResolver">
    	<property name="viewClass">
	        <value>
	            org.springframework.web.servlet.view.tiles2.TilesView
	        </value>
	    </property>
	</bean>
	<bean id="tilesConfigurer"
	    class="org.springframework.web.servlet.view.tiles2.TilesConfigurer">
	    <property name="definitions">
	        <list>
	            <value>/WEB-INF/tiles.xml</value>
	        </list>
	    </property>
	</bean>
<!-- <bean name="ds" class="org.springframework.jndi.JndiObjectFactoryBean">
	  <property name="jndiName" value="java:comp/env/jdbc/vtrack"></property>
</bean>	 -->
	
<!-- 
	<bean id="ds" class="org.apache.commons.dbcp.BasicDataSource" 
	destroy-method="close" >
   <property name="url" value="jdbc:mysql://localhost:3306/vtrack" />
   <property name="driverClassName" value="com.mysql.jdbc.Driver" />
   <property name="username" value="root" />
   <property name="password" value="root" />
   <property name="removeAbandoned" value="true"/>
   <property name="initialSize" value="20" />
   <property name="maxActive" value="30" />
</bean>
-->
	
  <bean id="ds" class="org.apache.commons.dbcp.BasicDataSource">
  	 <!-- <property name="driverClassName" value="com.mysql.jdbc.Driver"></property>
  	 <property name="url" value="jdbc:mysql://localhost/hms"></property>
  	 <property name="username" value="root"></property>
  	 <property name="password" value="root"></property> -->
  	 <property name="driverClassName" value="com.mysql.jdbc.Driver"></property>
  	 <property name="url" value="jdbc:mysql://118.139.161.95/vtrack"></property>
  	 <property name="username" value="slopanel_dbuser"></property>
  	 <property name="password" value="Singwithme123"></property>
  	 <property name="initialSize" value="8"></property>
  	 <property name="maxActive" value="7"></property>  
    </bean>	 

<bean id="factory" class="org.springframework.orm.hibernate3.annotation.AnnotationSessionFactoryBean">
    <property name="dataSource" ref="ds"/>
    
    <property name="hibernateProperties">
			 <props>
			    <prop key="hibernate.dialect">org.hibernate.dialect.MySQLDialect</prop> 
			    <prop key="hibernate.show_sql">true</prop> 
			    <prop key="connection.autocommit">true</prop> 
		  	 </props>
		  	
     </property>
     
     
    <property name="annotatedClasses">
        <list>
            <value>com.slokam.hms.screenpojo.ContactPojo</value>
            <value>com.slokam.hms.screenpojo.LoginPojo</value>
            <value>com.slokam.hms.screenpojo.CityPojo</value>
            <value>com.slokam.hms.screenpojo.AreaPojo </value>
            <value>com.slokam.hms.screenpojo.DevicePojo </value>
            <value>com.slokam.hms.entity.DeviceEntity </value>
            <value>com.slokam.hms.entity.VehicleEntity </value>
            <value>com.slokam.hms.screenpojo.VehiclePojo</value>
             <value>com.slokam.hms.entity.UserEntity </value>
              <value>com.slokam.hms.entity.StateEntity </value>
               <value>com.slokam.hms.entity.CityEntity </value>
                <value>com.slokam.hms.entity.CountryEntity </value>
             <value>com.slokam.hms.screenpojo.UserScreenPojo</value>
             <value>com.slokam.hms.entity.AddressEntityPojo</value>
            <value>com.slokam.hms.screenpojo.VehicleTypePojo</value>
            <value>com.slokam.hms.entity.VehiclePojoEntity</value>
            <value>com.slokam.hms.pojo.BranchEntity </value>
             <value>com.slokam.hms.pojo.VehiclesEntity </value>
             <value> com.slokam.hms.pojo.BranchPojo</value>
              <value> com.slokam.hms.pojo.VehiclePojo</value>
               <!-- <value>com.slokam.hms.pojo.VechicalPojo </value> -->
              
         </list>
    </property>
       
  </bean>
  <bean id="bdao" class="com.slokam.hms.dao.BranchDao">
   <property name="sessionFactory" ref="factory"> </property>
  </bean>
 
  <bean id="vdao" class="com.slokam.hms.dao.VehicalDao">
  <property name="sessionFactory" ref="factory"> </property>
  </bean>
  
  <bean id="hibernateTemplate" class="org.springframework.orm.hibernate3.HibernateTemplate">
    <property name="sessionFactory"  ref="factory"/>
  </bean>
  
  <bean id = "exdao"  class = "com.slokam.hms.dao.ExcessSpeedDAO">
  <property name="jdbcTemplate" ref="jdbcTemplate"></property>
  </bean>
  
  <bean id="logindao" class="com.slokam.hms.dao.LoginDAO">
    <property name="sessionFactory" ref="factory"> </property>
  </bean>
  
 <bean id="citydao" class="com.slokam.hms.dao.CityDAO">
    <property name="sessionFactory" ref="factory"> </property>
  </bean>
  
   <bean id="devicedao" class="com.slokam.hms.dao.DeviceDao">
    <property name="sessionFactory" ref="factory"> </property>
  </bean>
  
  <bean id="deviceservice" class="com.slokam.hms.service.DeviceService">
    </bean>
 
  
  <bean id="vehicledao" class="com.slokam.hms.dao.VehicleDao">
    <property name="sessionFactory" ref="factory"> </property>
  </bean>
  <!-- <bean id="sdao" class="com.slokam.hms.dao.StoppageDao">
    <property name="sessionFactory" ref="factory"> </property>
  </bean>
   <bean id="srs" class="com.slokam.hms.service.StoppageReportService">
   
  </bean>
  <bean id="sldao" class="com.slokam.hms.dao.StoppageLiveDataDao">
     
    <property name="dataSource" ref="ds"> </property>
    
  </bean> -->
  
  <bean id="messageSource" class="org.springframework.context.support.ResourceBundleMessageSource">
    <property name="basename" value="classpath:vehiclemessages"/>
</bean>
</beans>