<?xml version="1.0" encoding="UTF-8" ?>
<!DOCTYPE tiles-definitions PUBLIC
       "-//Apache Software Foundation//DTD Tiles Configuration 2.0//EN"
       "http://tiles.apache.org/dtds/tiles-config_2_0.dtd">
<tiles-definitions>
   <definition name="contact"
		template="/WEB-INF/jsp/LayOut.jsp">
		<put-attribute name="header" value="/WEB-INF/jsp/header.jsp" />
		<put-attribute name="leftMenu" value="/WEB-INF/jsp/leftMenu.jsp" />
		<put-attribute name="body" value="/WEB-INF/jsp/AddBranch.htm" /> 
		<put-attribute name="footer" value="/WEB-INF/jsp/Footer.jsp" />
	</definition>
	
	<definition name="login"
		 extends="contact">
		 <put-attribute name="leftMenu" value="" />
		<put-attribute name="body" value="/WEB-INF/jsp/login.jsp" />
	</definition>
	
	
	<definition name="tracking" template="/WEB-INF/jsp/MapLayOut.jsp" >
		<put-attribute name="body" value="/WEB-INF/jsp/marker.html"/>
	</definition>
    <definition name="vehicle"
		 extends="contact">
		<put-attribute name="body" value="/WEB-INF/jsp/AddVehicle.jsp" />
	</definition>
	<definition name="branch"
		 extends="contact">
		<put-attribute name="body" value="/WEB-INF/jsp/AddBranch.htm" />
	</definition>
	
	<definition name="users"
		 extends="contact">
		<put-attribute name="body" value="/WEB-INF/jsp/AddUser.jsp" />
	</definition>
	
	<definition name="device"
		 extends="contact">
		<put-attribute name="body" value="/WEB-INF/jsp/AddDevice.jsp" />
	</definition>
	<definition name="reports"
		 extends="contact">
		 <put-attribute name="leftMenu" value="/WEB-INF/jsp/reportsleftMenu.jsp" />
		 <put-attribute name="body" value="/WEB-INF/jsp/report1.jsp" />
	</definition>
	<definition name="excess"
		 extends="contact">
		 <put-attribute name="leftMenu" value="/WEB-INF/jsp/reportsleftMenu.jsp" />
		 	 <put-attribute name="body" value="/WEB-INF/jsp/excessSpeed.jsp" />
	</definition>
	<definition name="stoppage"
		 extends="contact">
		 <put-attribute name="leftMenu" value="/WEB-INF/jsp/reportsleftMenu.jsp" />
		 <put-attribute name="body" value="/WEB-INF/jsp/stoppageReport.jsp" />
	</definition>
	<definition name="hours"
		 extends="contact">
		 <put-attribute name="leftMenu" value="/WEB-INF/jsp/reportsleftMenu.jsp" />
		 <put-attribute name="body" value="/WEB-INF/jsp/hourly.jsp" />
	</definition>
	<definition name="daily"
		 extends="contact">
		<put-attribute name="leftMenu" value="/WEB-INF/jsp/reportsleftMenu.jsp" />
		 <put-attribute name="body" value="/WEB-INF/jsp/dailyReport.jsp" />
	</definition>
	<definition name="monthly"
		 extends="contact">
		<put-attribute name="leftMenu" value="/WEB-INF/jsp/reportsleftMenu.jsp" />
		 <put-attribute name="body" value="/WEB-INF/jsp/monthlyReport.jsp" />
	</definition>
	<definition name="details"
		 extends="contact">
		 <put-attribute name="leftMenu" value="/WEB-INF/jsp/reportsleftMenu.jsp" />
		 <put-attribute name="body" value="/WEB-INF/jsp/detailsReport.jsp" />
	</definition>
	<definition name="distance"
		 extends="contact">
		 <put-attribute name="leftMenu" value="/WEB-INF/jsp/reportsleftMenu.jsp" />
		 <put-attribute name="body" value="/WEB-INF/jsp/distanceReport.jsp" />
	</definition>
	
</tiles-definitions>